filename,label
NORMAL/Non-Covid (1014).png,0.0
NORMAL/Non-Covid (2).png,0.0
NORMAL/Non-Covid (311).png,0.0
NORMAL/Non-Covid (977).png,0.0
NORMAL/Non-Covid (664).png,0.0
NORMAL/Non-Covid (647).png,0.0
NORMAL/Non-Covid (93).png,0.0
NORMAL/Non-Covid (1045).png,0.0
NORMAL/Non-Covid (842).png,0.0
NORMAL/Non-Covid (479).png,0.0
NORMAL/Non-Covid (1002).png,0.0
NORMAL/Non-Covid (511).png,0.0
NORMAL/Non-Covid (163).png,0.0
NORMAL/Non-Covid (645).png,0.0
NORMAL/Non-Covid (1048).png,0.0
NORMAL/Non-Covid (499).png,0.0
NORMAL/Non-Covid (531).png,0.0
NORMAL/Non-Covid (597).png,0.0
NORMAL/Non-Covid (911).png,0.0
NORMAL/Non-Covid (828).png,0.0
NORMAL/Non-Covid (439).png,0.0
NORMAL/Non-Covid (743).png,0.0
NORMAL/Non-Covid (214).png,0.0
NORMAL/Non-Covid (274).png,0.0
NORMAL/Non-Covid (802).png,0.0
NORMAL/Non-Covid (88).png,0.0
NORMAL/Non-Covid (284).png,0.0
NORMAL/Non-Covid (599).png,0.0
NORMAL/Non-Covid (839).png,0.0
NORMAL/Non-Covid (849).png,0.0
NORMAL/Non-Covid (79).png,0.0
NORMAL/Non-Covid (525).png,0.0
NORMAL/Non-Covid (789).png,0.0
NORMAL/Non-Covid (806).png,0.0
NORMAL/Non-Covid (649).png,0.0
NORMAL/Non-Covid (262).png,0.0
NORMAL/Non-Covid (791).png,0.0
NORMAL/Non-Covid (662).png,0.0
NORMAL/Non-Covid (266).png,0.0
NORMAL/Non-Covid (385).png,0.0
NORMAL/Non-Covid (910).png,0.0
NORMAL/Non-Covid (711).png,0.0
NORMAL/Non-Covid (1180).png,0.0
NORMAL/Non-Covid (783).png,0.0
NORMAL/Non-Covid (1039).png,0.0
NORMAL/Non-Covid (401).png,0.0
NORMAL/Non-Covid (713).png,0.0
NORMAL/Non-Covid (408).png,0.0
NORMAL/Non-Covid (1033).png,0.0
NORMAL/Non-Covid (970).png,0.0
NORMAL/Non-Covid (594).png,0.0
NORMAL/Non-Covid (1164).png,0.0
NORMAL/Non-Covid (411).png,0.0
NORMAL/Non-Covid (732).png,0.0
NORMAL/Non-Covid (386).png,0.0
NORMAL/Non-Covid (655).png,0.0
NORMAL/Non-Covid (809).png,0.0
NORMAL/Non-Covid (951).png,0.0
NORMAL/Non-Covid (315).png,0.0
NORMAL/Non-Covid (638).png,0.0
NORMAL/Non-Covid (529).png,0.0
NORMAL/Non-Covid (1126).png,0.0
NORMAL/Non-Covid (862).png,0.0
NORMAL/Non-Covid (787).png,0.0
NORMAL/Non-Covid (1010).png,0.0
NORMAL/Non-Covid (462).png,0.0
NORMAL/Non-Covid (414).png,0.0
NORMAL/Non-Covid (544).png,0.0
NORMAL/Non-Covid (598).png,0.0
NORMAL/Non-Covid (245).png,0.0
NORMAL/Non-Covid (27).png,0.0
NORMAL/Non-Covid (1075).png,0.0
NORMAL/Non-Covid (389).png,0.0
NORMAL/Non-Covid (177).png,0.0
NORMAL/Non-Covid (937).png,0.0
NORMAL/Non-Covid (1125).png,0.0
NORMAL/Non-Covid (292).png,0.0
NORMAL/Non-Covid (250).png,0.0
NORMAL/Non-Covid (432).png,0.0
NORMAL/Non-Covid (160).png,0.0
NORMAL/Non-Covid (524).png,0.0
NORMAL/Non-Covid (687).png,0.0
NORMAL/Non-Covid (1139).png,0.0
NORMAL/Non-Covid (895).png,0.0
NORMAL/Non-Covid (446).png,0.0
NORMAL/Non-Covid (817).png,0.0
NORMAL/Non-Covid (985).png,0.0
NORMAL/Non-Covid (1208).png,0.0
NORMAL/Non-Covid (1220).png,0.0
NORMAL/Non-Covid (333).png,0.0
NORMAL/Non-Covid (1182).png,0.0
NORMAL/Non-Covid (814).png,0.0
NORMAL/Non-Covid (445).png,0.0
NORMAL/Non-Covid (111).png,0.0
NORMAL/Non-Covid (860).png,0.0
NORMAL/Non-Covid (1096).png,0.0
NORMAL/Non-Covid (74).png,0.0
NORMAL/Non-Covid (310).png,0.0
NORMAL/Non-Covid (1206).png,0.0
NORMAL/Non-Covid (234).png,0.0
NORMAL/Non-Covid (1066).png,0.0
NORMAL/Non-Covid (962).png,0.0
NORMAL/Non-Covid (915).png,0.0
NORMAL/Non-Covid (902).png,0.0
NORMAL/Non-Covid (28).png,0.0
NORMAL/Non-Covid (253).png,0.0
NORMAL/Non-Covid (819).png,0.0
NORMAL/Non-Covid (793).png,0.0
NORMAL/Non-Covid (351).png,0.0
NORMAL/Non-Covid (533).png,0.0
NORMAL/Non-Covid (1171).png,0.0
NORMAL/Non-Covid (669).png,0.0
NORMAL/Non-Covid (450).png,0.0
NORMAL/Non-Covid (237).png,0.0
NORMAL/Non-Covid (393).png,0.0
NORMAL/Non-Covid (66).png,0.0
NORMAL/Non-Covid (1005).png,0.0
NORMAL/Non-Covid (601).png,0.0
NORMAL/Non-Covid (897).png,0.0
NORMAL/Non-Covid (517).png,0.0
NORMAL/Non-Covid (812).png,0.0
NORMAL/Non-Covid (473).png,0.0
NORMAL/Non-Covid (1173).png,0.0
NORMAL/Non-Covid (1135).png,0.0
NORMAL/Non-Covid (695).png,0.0
NORMAL/Non-Covid (58).png,0.0
NORMAL/Non-Covid (371).png,0.0
NORMAL/Non-Covid (487).png,0.0
NORMAL/Non-Covid (283).png,0.0
NORMAL/Non-Covid (558).png,0.0
NORMAL/Non-Covid (169).png,0.0
NORMAL/Non-Covid (934).png,0.0
NORMAL/Non-Covid (803).png,0.0
NORMAL/Non-Covid (299).png,0.0
NORMAL/Non-Covid (31).png,0.0
NORMAL/Non-Covid (949).png,0.0
NORMAL/Non-Covid (1224).png,0.0
NORMAL/Non-Covid (1143).png,0.0
NORMAL/Non-Covid (922).png,0.0
NORMAL/Non-Covid (91).png,0.0
NORMAL/Non-Covid (761).png,0.0
NORMAL/Non-Covid (725).png,0.0
NORMAL/Non-Covid (133).png,0.0
NORMAL/Non-Covid (684).png,0.0
NORMAL/Non-Covid (723).png,0.0
NORMAL/Non-Covid (564).png,0.0
NORMAL/Non-Covid (642).png,0.0
NORMAL/Non-Covid (171).png,0.0
NORMAL/Non-Covid (221).png,0.0
NORMAL/Non-Covid (454).png,0.0
NORMAL/Non-Covid (120).png,0.0
NORMAL/Non-Covid (967).png,0.0
NORMAL/Non-Covid (555).png,0.0
NORMAL/Non-Covid (648).png,0.0
NORMAL/Non-Covid (170).png,0.0
NORMAL/Non-Covid (777).png,0.0
NORMAL/Non-Covid (786).png,0.0
NORMAL/Non-Covid (1166).png,0.0
NORMAL/Non-Covid (321).png,0.0
NORMAL/Non-Covid (205).png,0.0
NORMAL/Non-Covid (1029).png,0.0
NORMAL/Non-Covid (574).png,0.0
NORMAL/Non-Covid (1214).png,0.0
NORMAL/Non-Covid (451).png,0.0
NORMAL/Non-Covid (607).png,0.0
NORMAL/Non-Covid (39).png,0.0
NORMAL/Non-Covid (211).png,0.0
NORMAL/Non-Covid (800).png,0.0
NORMAL/Non-Covid (515).png,0.0
NORMAL/Non-Covid (570).png,0.0
NORMAL/Non-Covid (449).png,0.0
NORMAL/Non-Covid (858).png,0.0
NORMAL/Non-Covid (715).png,0.0
NORMAL/Non-Covid (480).png,0.0
NORMAL/Non-Covid (1042).png,0.0
NORMAL/Non-Covid (747).png,0.0
NORMAL/Non-Covid (304).png,0.0
NORMAL/Non-Covid (207).png,0.0
NORMAL/Non-Covid (336).png,0.0
NORMAL/Non-Covid (219).png,0.0
NORMAL/Non-Covid (329).png,0.0
NORMAL/Non-Covid (616).png,0.0
NORMAL/Non-Covid (1177).png,0.0
NORMAL/Non-Covid (216).png,0.0
NORMAL/Non-Covid (781).png,0.0
NORMAL/Non-Covid (1038).png,0.0
NORMAL/Non-Covid (146).png,0.0
NORMAL/Non-Covid (334).png,0.0
NORMAL/Non-Covid (377).png,0.0
NORMAL/Non-Covid (484).png,0.0
NORMAL/Non-Covid (478).png,0.0
NORMAL/Non-Covid (742).png,0.0
NORMAL/Non-Covid (940).png,0.0
NORMAL/Non-Covid (948).png,0.0
NORMAL/Non-Covid (1022).png,0.0
NORMAL/Non-Covid (870).png,0.0
NORMAL/Non-Covid (941).png,0.0
NORMAL/Non-Covid (341).png,0.0
NORMAL/Non-Covid (213).png,0.0
NORMAL/Non-Covid (352).png,0.0
NORMAL/Non-Covid (993).png,0.0
NORMAL/Non-Covid (779).png,0.0
NORMAL/Non-Covid (576).png,0.0
NORMAL/Non-Covid (86).png,0.0
NORMAL/Non-Covid (379).png,0.0
NORMAL/Non-Covid (561).png,0.0
NORMAL/Non-Covid (510).png,0.0
NORMAL/Non-Covid (1189).png,0.0
NORMAL/Non-Covid (748).png,0.0
NORMAL/Non-Covid (735).png,0.0
NORMAL/Non-Covid (1061).png,0.0
NORMAL/Non-Covid (864).png,0.0
NORMAL/Non-Covid (790).png,0.0
NORMAL/Non-Covid (1007).png,0.0
NORMAL/Non-Covid (896).png,0.0
NORMAL/Non-Covid (1124).png,0.0
NORMAL/Non-Covid (157).png,0.0
NORMAL/Non-Covid (268).png,0.0
NORMAL/Non-Covid (720).png,0.0
NORMAL/Non-Covid (290).png,0.0
NORMAL/Non-Covid (1026).png,0.0
NORMAL/Non-Covid (1056).png,0.0
NORMAL/Non-Covid (331).png,0.0
NORMAL/Non-Covid (1141).png,0.0
NORMAL/Non-Covid (344).png,0.0
NORMAL/Non-Covid (428).png,0.0
NORMAL/Non-Covid (740).png,0.0
NORMAL/Non-Covid (316).png,0.0
NORMAL/Non-Covid (863).png,0.0
NORMAL/Non-Covid (578).png,0.0
NORMAL/Non-Covid (59).png,0.0
NORMAL/Non-Covid (482).png,0.0
NORMAL/Non-Covid (247).png,0.0
NORMAL/Non-Covid (832).png,0.0
NORMAL/Non-Covid (520).png,0.0
NORMAL/Non-Covid (820).png,0.0
NORMAL/Non-Covid (42).png,0.0
NORMAL/Non-Covid (10).png,0.0
NORMAL/Non-Covid (303).png,0.0
NORMAL/Non-Covid (16).png,0.0
NORMAL/Non-Covid (983).png,0.0
NORMAL/Non-Covid (476).png,0.0
NORMAL/Non-Covid (536).png,0.0
NORMAL/Non-Covid (276).png,0.0
NORMAL/Non-Covid (628).png,0.0
NORMAL/Non-Covid (700).png,0.0
NORMAL/Non-Covid (132).png,0.0
NORMAL/Non-Covid (859).png,0.0
NORMAL/Non-Covid (257).png,0.0
NORMAL/Non-Covid (390).png,0.0
NORMAL/Non-Covid (134).png,0.0
NORMAL/Non-Covid (1227).png,0.0
NORMAL/Non-Covid (1050).png,0.0
NORMAL/Non-Covid (95).png,0.0
NORMAL/Non-Covid (674).png,0.0
NORMAL/Non-Covid (242).png,0.0
NORMAL/Non-Covid (68).png,0.0
NORMAL/Non-Covid (306).png,0.0
NORMAL/Non-Covid (1011).png,0.0
NORMAL/Non-Covid (881).png,0.0
NORMAL/Non-Covid (280).png,0.0
NORMAL/Non-Covid (575).png,0.0
NORMAL/Non-Covid (844).png,0.0
NORMAL/Non-Covid (1167).png,0.0
NORMAL/Non-Covid (749).png,0.0
NORMAL/Non-Covid (1091).png,0.0
NORMAL/Non-Covid (239).png,0.0
NORMAL/Non-Covid (1052).png,0.0
NORMAL/Non-Covid (383).png,0.0
NORMAL/Non-Covid (403).png,0.0
NORMAL/Non-Covid (939).png,0.0
NORMAL/Non-Covid (798).png,0.0
NORMAL/Non-Covid (49).png,0.0
NORMAL/Non-Covid (961).png,0.0
NORMAL/Non-Covid (1072).png,0.0
NORMAL/Non-Covid (293).png,0.0
NORMAL/Non-Covid (818).png,0.0
NORMAL/Non-Covid (545).png,0.0
NORMAL/Non-Covid (413).png,0.0
NORMAL/Non-Covid (440).png,0.0
NORMAL/Non-Covid (90).png,0.0
NORMAL/Non-Covid (927).png,0.0
NORMAL/Non-Covid (337).png,0.0
NORMAL/Non-Covid (514).png,0.0
NORMAL/Non-Covid (1222).png,0.0
NORMAL/Non-Covid (636).png,0.0
NORMAL/Non-Covid (128).png,0.0
NORMAL/Non-Covid (956).png,0.0
NORMAL/Non-Covid (135).png,0.0
NORMAL/Non-Covid (459).png,0.0
NORMAL/Non-Covid (698).png,0.0
NORMAL/Non-Covid (1108).png,0.0
NORMAL/Non-Covid (633).png,0.0
NORMAL/Non-Covid (965).png,0.0
NORMAL/Non-Covid (754).png,0.0
NORMAL/Non-Covid (587).png,0.0
NORMAL/Non-Covid (187).png,0.0
NORMAL/Non-Covid (659).png,0.0
NORMAL/Non-Covid (367).png,0.0
NORMAL/Non-Covid (164).png,0.0
NORMAL/Non-Covid (868).png,0.0
NORMAL/Non-Covid (573).png,0.0
NORMAL/Non-Covid (362).png,0.0
NORMAL/Non-Covid (1086).png,0.0
NORMAL/Non-Covid (179).png,0.0
NORMAL/Non-Covid (602).png,0.0
NORMAL/Non-Covid (853).png,0.0
NORMAL/Non-Covid (1175).png,0.0
NORMAL/Non-Covid (191).png,0.0
NORMAL/Non-Covid (1163).png,0.0
NORMAL/Non-Covid (964).png,0.0
NORMAL/Non-Covid (728).png,0.0
NORMAL/Non-Covid (683).png,0.0
NORMAL/Non-Covid (75).png,0.0
NORMAL/Non-Covid (471).png,0.0
NORMAL/Non-Covid (909).png,0.0
NORMAL/Non-Covid (1156).png,0.0
NORMAL/Non-Covid (318).png,0.0
NORMAL/Non-Covid (1071).png,0.0
NORMAL/Non-Covid (131).png,0.0
NORMAL/Non-Covid (1068).png,0.0
NORMAL/Non-Covid (996).png,0.0
NORMAL/Non-Covid (608).png,0.0
NORMAL/Non-Covid (907).png,0.0
NORMAL/Non-Covid (631).png,0.0
NORMAL/Non-Covid (309).png,0.0
NORMAL/Non-Covid (1078).png,0.0
NORMAL/Non-Covid (505).png,0.0
NORMAL/Non-Covid (37).png,0.0
NORMAL/Non-Covid (953).png,0.0
NORMAL/Non-Covid (775).png,0.0
NORMAL/Non-Covid (532).png,0.0
NORMAL/Non-Covid (1103).png,0.0
NORMAL/Non-Covid (286).png,0.0
NORMAL/Non-Covid (156).png,0.0
NORMAL/Non-Covid (320).png,0.0
NORMAL/Non-Covid (369).png,0.0
NORMAL/Non-Covid (765).png,0.0
NORMAL/Non-Covid (100).png,0.0
NORMAL/Non-Covid (569).png,0.0
NORMAL/Non-Covid (196).png,0.0
NORMAL/Non-Covid (560).png,0.0
NORMAL/Non-Covid (1162).png,0.0
NORMAL/Non-Covid (639).png,0.0
NORMAL/Non-Covid (641).png,0.0
NORMAL/Non-Covid (690).png,0.0
NORMAL/Non-Covid (56).png,0.0
NORMAL/Non-Covid (932).png,0.0
NORMAL/Non-Covid (271).png,0.0
NORMAL/Non-Covid (944).png,0.0
NORMAL/Non-Covid (1213).png,0.0
NORMAL/Non-Covid (1098).png,0.0
NORMAL/Non-Covid (98).png,0.0
NORMAL/Non-Covid (83).png,0.0
NORMAL/Non-Covid (259).png,0.0
NORMAL/Non-Covid (302).png,0.0
NORMAL/Non-Covid (604).png,0.0
NORMAL/Non-Covid (353).png,0.0
NORMAL/Non-Covid (623).png,0.0
NORMAL/Non-Covid (422).png,0.0
NORMAL/Non-Covid (737).png,0.0
NORMAL/Non-Covid (1179).png,0.0
NORMAL/Non-Covid (282).png,0.0
NORMAL/Non-Covid (1057).png,0.0
NORMAL/Non-Covid (249).png,0.0
NORMAL/Non-Covid (458).png,0.0
NORMAL/Non-Covid (605).png,0.0
NORMAL/Non-Covid (136).png,0.0
NORMAL/Non-Covid (900).png,0.0
NORMAL/Non-Covid (1147).png,0.0
NORMAL/Non-Covid (658).png,0.0
NORMAL/Non-Covid (960).png,0.0
NORMAL/Non-Covid (822).png,0.0
NORMAL/Non-Covid (644).png,0.0
NORMAL/Non-Covid (880).png,0.0
NORMAL/Non-Covid (882).png,0.0
NORMAL/Non-Covid (568).png,0.0
NORMAL/Non-Covid (325).png,0.0
NORMAL/Non-Covid (1168).png,0.0
NORMAL/Non-Covid (67).png,0.0
NORMAL/Non-Covid (637).png,0.0
NORMAL/Non-Covid (33).png,0.0
NORMAL/Non-Covid (898).png,0.0
NORMAL/Non-Covid (563).png,0.0
NORMAL/Non-Covid (176).png,0.0
NORMAL/Non-Covid (1191).png,0.0
NORMAL/Non-Covid (906).png,0.0
NORMAL/Non-Covid (412).png,0.0
NORMAL/Non-Covid (217).png,0.0
NORMAL/Non-Covid (634).png,0.0
NORMAL/Non-Covid (125).png,0.0
NORMAL/Non-Covid (1015).png,0.0
NORMAL/Non-Covid (3).png,0.0
NORMAL/Non-Covid (1025).png,0.0
NORMAL/Non-Covid (326).png,0.0
NORMAL/Non-Covid (29).png,0.0
NORMAL/Non-Covid (324).png,0.0
NORMAL/Non-Covid (500).png,0.0
NORMAL/Non-Covid (1226).png,0.0
NORMAL/Non-Covid (466).png,0.0
NORMAL/Non-Covid (347).png,0.0
NORMAL/Non-Covid (651).png,0.0
NORMAL/Non-Covid (584).png,0.0
NORMAL/Non-Covid (745).png,0.0
NORMAL/Non-Covid (420).png,0.0
NORMAL/Non-Covid (129).png,0.0
NORMAL/Non-Covid (218).png,0.0
NORMAL/Non-Covid (889).png,0.0
NORMAL/Non-Covid (109).png,0.0
NORMAL/Non-Covid (672).png,0.0
NORMAL/Non-Covid (429).png,0.0
NORMAL/Non-Covid (627).png,0.0
NORMAL/Non-Covid (175).png,0.0
NORMAL/Non-Covid (757).png,0.0
NORMAL/Non-Covid (416).png,0.0
NORMAL/Non-Covid (681).png,0.0
NORMAL/Non-Covid (521).png,0.0
NORMAL/Non-Covid (1047).png,0.0
NORMAL/Non-Covid (490).png,0.0
NORMAL/Non-Covid (40).png,0.0
NORMAL/Non-Covid (891).png,0.0
NORMAL/Non-Covid (509).png,0.0
NORMAL/Non-Covid (894).png,0.0
NORMAL/Non-Covid (51).png,0.0
NORMAL/Non-Covid (1040).png,0.0
NORMAL/Non-Covid (494).png,0.0
NORMAL/Non-Covid (763).png,0.0
NORMAL/Non-Covid (999).png,0.0
NORMAL/Non-Covid (731).png,0.0
NORMAL/Non-Covid (53).png,0.0
NORMAL/Non-Covid (141).png,0.0
NORMAL/Non-Covid (64).png,0.0
NORMAL/Non-Covid (220).png,0.0
NORMAL/Non-Covid (55).png,0.0
NORMAL/Non-Covid (142).png,0.0
NORMAL/Non-Covid (972).png,0.0
NORMAL/Non-Covid (843).png,0.0
NORMAL/Non-Covid (610).png,0.0
NORMAL/Non-Covid (469).png,0.0
NORMAL/Non-Covid (952).png,0.0
NORMAL/Non-Covid (60).png,0.0
NORMAL/Non-Covid (1184).png,0.0
NORMAL/Non-Covid (1205).png,0.0
NORMAL/Non-Covid (107).png,0.0
NORMAL/Non-Covid (117).png,0.0
NORMAL/Non-Covid (1006).png,0.0
NORMAL/Non-Covid (950).png,0.0
NORMAL/Non-Covid (7).png,0.0
NORMAL/Non-Covid (1129).png,0.0
NORMAL/Non-Covid (346).png,0.0
NORMAL/Non-Covid (288).png,0.0
NORMAL/Non-Covid (178).png,0.0
NORMAL/Non-Covid (172).png,0.0
NORMAL/Non-Covid (1228).png,0.0
NORMAL/Non-Covid (47).png,0.0
NORMAL/Non-Covid (421).png,0.0
NORMAL/Non-Covid (938).png,0.0
NORMAL/Non-Covid (874).png,0.0
NORMAL/Non-Covid (1128).png,0.0
NORMAL/Non-Covid (583).png,0.0
NORMAL/Non-Covid (1053).png,0.0
NORMAL/Non-Covid (1116).png,0.0
NORMAL/Non-Covid (1225).png,0.0
NORMAL/Non-Covid (189).png,0.0
NORMAL/Non-Covid (712).png,0.0
NORMAL/Non-Covid (1192).png,0.0
NORMAL/Non-Covid (382).png,0.0
NORMAL/Non-Covid (547).png,0.0
NORMAL/Non-Covid (1070).png,0.0
NORMAL/Non-Covid (443).png,0.0
NORMAL/Non-Covid (44).png,0.0
NORMAL/Non-Covid (887).png,0.0
NORMAL/Non-Covid (322).png,0.0
NORMAL/Non-Covid (1215).png,0.0
NORMAL/Non-Covid (1137).png,0.0
NORMAL/Non-Covid (774).png,0.0
NORMAL/Non-Covid (708).png,0.0
NORMAL/Non-Covid (126).png,0.0
NORMAL/Non-Covid (1112).png,0.0
NORMAL/Non-Covid (77).png,0.0
NORMAL/Non-Covid (606).png,0.0
NORMAL/Non-Covid (342).png,0.0
NORMAL/Non-Covid (254).png,0.0
NORMAL/Non-Covid (1133).png,0.0
NORMAL/Non-Covid (562).png,0.0
NORMAL/Non-Covid (263).png,0.0
NORMAL/Non-Covid (18).png,0.0
NORMAL/Non-Covid (908).png,0.0
NORMAL/Non-Covid (682).png,0.0
NORMAL/Non-Covid (542).png,0.0
NORMAL/Non-Covid (541).png,0.0
NORMAL/Non-Covid (619).png,0.0
NORMAL/Non-Covid (755).png,0.0
NORMAL/Non-Covid (208).png,0.0
NORMAL/Non-Covid (1084).png,0.0
NORMAL/Non-Covid (110).png,0.0
NORMAL/Non-Covid (685).png,0.0
NORMAL/Non-Covid (1031).png,0.0
NORMAL/Non-Covid (328).png,0.0
NORMAL/Non-Covid (448).png,0.0
NORMAL/Non-Covid (1127).png,0.0
NORMAL/Non-Covid (36).png,0.0
NORMAL/Non-Covid (1140).png,0.0
NORMAL/Non-Covid (405).png,0.0
NORMAL/Non-Covid (1034).png,0.0
NORMAL/Non-Covid (424).png,0.0
NORMAL/Non-Covid (716).png,0.0
NORMAL/Non-Covid (368).png,0.0
NORMAL/Non-Covid (586).png,0.0
NORMAL/Non-Covid (373).png,0.0
NORMAL/Non-Covid (1210).png,0.0
NORMAL/Non-Covid (1081).png,0.0
NORMAL/Non-Covid (1199).png,0.0
NORMAL/Non-Covid (831).png,0.0
NORMAL/Non-Covid (493).png,0.0
NORMAL/Non-Covid (360).png,0.0
NORMAL/Non-Covid (1054).png,0.0
NORMAL/Non-Covid (1172).png,0.0
NORMAL/Non-Covid (121).png,0.0
NORMAL/Non-Covid (1161).png,0.0
NORMAL/Non-Covid (826).png,0.0
NORMAL/Non-Covid (784).png,0.0
NORMAL/Non-Covid (402).png,0.0
NORMAL/Non-Covid (365).png,0.0
NORMAL/Non-Covid (235).png,0.0
NORMAL/Non-Covid (780).png,0.0
NORMAL/Non-Covid (914).png,0.0
NORMAL/Non-Covid (19).png,0.0
NORMAL/Non-Covid (127).png,0.0
NORMAL/Non-Covid (1003).png,0.0
NORMAL/Non-Covid (130).png,0.0
NORMAL/Non-Covid (1032).png,0.0
NORMAL/Non-Covid (963).png,0.0
NORMAL/Non-Covid (1104).png,0.0
NORMAL/Non-Covid (460).png,0.0
NORMAL/Non-Covid (1093).png,0.0
NORMAL/Non-Covid (537).png,0.0
NORMAL/Non-Covid (327).png,0.0
NORMAL/Non-Covid (975).png,0.0
NORMAL/Non-Covid (1016).png,0.0
NORMAL/Non-Covid (1216).png,0.0
NORMAL/Non-Covid (1043).png,0.0
NORMAL/Non-Covid (1144).png,0.0
NORMAL/Non-Covid (551).png,0.0
NORMAL/Non-Covid (543).png,0.0
NORMAL/Non-Covid (991).png,0.0
NORMAL/Non-Covid (162).png,0.0
NORMAL/Non-Covid (1153).png,0.0
NORMAL/Non-Covid (872).png,0.0
NORMAL/Non-Covid (899).png,0.0
NORMAL/Non-Covid (990).png,0.0
NORMAL/Non-Covid (702).png,0.0
NORMAL/Non-Covid (1188).png,0.0
NORMAL/Non-Covid (200).png,0.0
NORMAL/Non-Covid (167).png,0.0
NORMAL/Non-Covid (1194).png,0.0
NORMAL/Non-Covid (976).png,0.0
NORMAL/Non-Covid (795).png,0.0
NORMAL/Non-Covid (231).png,0.0
NORMAL/Non-Covid (1149).png,0.0
NORMAL/Non-Covid (270).png,0.0
NORMAL/Non-Covid (612).png,0.0
NORMAL/Non-Covid (1009).png,0.0
NORMAL/Non-Covid (361).png,0.0
NORMAL/Non-Covid (106).png,0.0
NORMAL/Non-Covid (108).png,0.0
NORMAL/Non-Covid (233).png,0.0
NORMAL/Non-Covid (226).png,0.0
NORMAL/Non-Covid (1230).png,0.0
NORMAL/Non-Covid (165).png,0.0
NORMAL/Non-Covid (879).png,0.0
NORMAL/Non-Covid (260).png,0.0
NORMAL/Non-Covid (96).png,0.0
NORMAL/Non-Covid (873).png,0.0
NORMAL/Non-Covid (1036).png,0.0
NORMAL/Non-Covid (1186).png,0.0
NORMAL/Non-Covid (705).png,0.0
NORMAL/Non-Covid (492).png,0.0
NORMAL/Non-Covid (785).png,0.0
NORMAL/Non-Covid (565).png,0.0
NORMAL/Non-Covid (355).png,0.0
NORMAL/Non-Covid (148).png,0.0
NORMAL/Non-Covid (704).png,0.0
NORMAL/Non-Covid (1062).png,0.0
NORMAL/Non-Covid (397).png,0.0
NORMAL/Non-Covid (116).png,0.0
NORMAL/Non-Covid (481).png,0.0
NORMAL/Non-Covid (924).png,0.0
NORMAL/Non-Covid (335).png,0.0
NORMAL/Non-Covid (1102).png,0.0
NORMAL/Non-Covid (155).png,0.0
NORMAL/Non-Covid (1067).png,0.0
NORMAL/Non-Covid (1041).png,0.0
NORMAL/Non-Covid (794).png,0.0
NORMAL/Non-Covid (730).png,0.0
NORMAL/Non-Covid (190).png,0.0
NORMAL/Non-Covid (41).png,0.0
NORMAL/Non-Covid (4).png,0.0
NORMAL/Non-Covid (671).png,0.0
NORMAL/Non-Covid (501).png,0.0
NORMAL/Non-Covid (26).png,0.0
NORMAL/Non-Covid (992).png,0.0
NORMAL/Non-Covid (667).png,0.0
NORMAL/Non-Covid (150).png,0.0
NORMAL/Non-Covid (363).png,0.0
NORMAL/Non-Covid (114).png,0.0
NORMAL/Non-Covid (195).png,0.0
NORMAL/Non-Covid (338).png,0.0
NORMAL/Non-Covid (104).png,0.0
NORMAL/Non-Covid (588).png,0.0
NORMAL/Non-Covid (307).png,0.0
NORMAL/Non-Covid (287).png,0.0
NORMAL/Non-Covid (1158).png,0.0
NORMAL/Non-Covid (827).png,0.0
NORMAL/Non-Covid (867).png,0.0
NORMAL/Non-Covid (273).png,0.0
NORMAL/Non-Covid (184).png,0.0
NORMAL/Non-Covid (206).png,0.0
NORMAL/Non-Covid (294).png,0.0
NORMAL/Non-Covid (1013).png,0.0
NORMAL/Non-Covid (855).png,0.0
NORMAL/Non-Covid (497).png,0.0
NORMAL/Non-Covid (92).png,0.0
NORMAL/Non-Covid (201).png,0.0
NORMAL/Non-Covid (837).png,0.0
NORMAL/Non-Covid (173).png,0.0
NORMAL/Non-Covid (496).png,0.0
NORMAL/Non-Covid (298).png,0.0
NORMAL/Non-Covid (1151).png,0.0
NORMAL/Non-Covid (998).png,0.0
NORMAL/Non-Covid (1118).png,0.0
NORMAL/Non-Covid (824).png,0.0
NORMAL/Non-Covid (739).png,0.0
NORMAL/Non-Covid (1069).png,0.0
NORMAL/Non-Covid (706).png,0.0
NORMAL/Non-Covid (202).png,0.0
NORMAL/Non-Covid (248).png,0.0
NORMAL/Non-Covid (241).png,0.0
NORMAL/Non-Covid (238).png,0.0
NORMAL/Non-Covid (1105).png,0.0
NORMAL/Non-Covid (871).png,0.0
NORMAL/Non-Covid (660).png,0.0
NORMAL/Non-Covid (1204).png,0.0
NORMAL/Non-Covid (825).png,0.0
NORMAL/Non-Covid (1017).png,0.0
NORMAL/Non-Covid (729).png,0.0
NORMAL/Non-Covid (955).png,0.0
NORMAL/Non-Covid (1223).png,0.0
NORMAL/Non-Covid (1217).png,0.0
NORMAL/Non-Covid (625).png,0.0
NORMAL/Non-Covid (103).png,0.0
NORMAL/Non-Covid (734).png,0.0
NORMAL/Non-Covid (348).png,0.0
NORMAL/Non-Covid (974).png,0.0
NORMAL/Non-Covid (760).png,0.0
NORMAL/Non-Covid (1097).png,0.0
NORMAL/Non-Covid (232).png,0.0
NORMAL/Non-Covid (444).png,0.0
NORMAL/Non-Covid (435).png,0.0
NORMAL/Non-Covid (456).png,0.0
NORMAL/Non-Covid (486).png,0.0
NORMAL/Non-Covid (415).png,0.0
NORMAL/Non-Covid (1152).png,0.0
NORMAL/Non-Covid (1212).png,0.0
NORMAL/Non-Covid (928).png,0.0
NORMAL/Non-Covid (756).png,0.0
NORMAL/Non-Covid (978).png,0.0
NORMAL/Non-Covid (180).png,0.0
NORMAL/Non-Covid (733).png,0.0
NORMAL/Non-Covid (1138).png,0.0
NORMAL/Non-Covid (453).png,0.0
NORMAL/Non-Covid (1122).png,0.0
NORMAL/Non-Covid (1110).png,0.0
NORMAL/Non-Covid (301).png,0.0
NORMAL/Non-Covid (1058).png,0.0
NORMAL/Non-Covid (865).png,0.0
NORMAL/Non-Covid (455).png,0.0
NORMAL/Non-Covid (436).png,0.0
NORMAL/Non-Covid (778).png,0.0
NORMAL/Non-Covid (72).png,0.0
NORMAL/Non-Covid (1159).png,0.0
NORMAL/Non-Covid (792).png,0.0
NORMAL/Non-Covid (265).png,0.0
NORMAL/Non-Covid (1089).png,0.0
NORMAL/Non-Covid (771).png,0.0
NORMAL/Non-Covid (703).png,0.0
NORMAL/Non-Covid (192).png,0.0
NORMAL/Non-Covid (847).png,0.0
NORMAL/Non-Covid (504).png,0.0
NORMAL/Non-Covid (1197).png,0.0
NORMAL/Non-Covid (243).png,0.0
NORMAL/Non-Covid (905).png,0.0
NORMAL/Non-Covid (17).png,0.0
NORMAL/Non-Covid (854).png,0.0
NORMAL/Non-Covid (923).png,0.0
NORMAL/Non-Covid (366).png,0.0
NORMAL/Non-Covid (559).png,0.0
NORMAL/Non-Covid (1219).png,0.0
NORMAL/Non-Covid (508).png,0.0
NORMAL/Non-Covid (358).png,0.0
NORMAL/Non-Covid (668).png,0.0
NORMAL/Non-Covid (581).png,0.0
NORMAL/Non-Covid (246).png,0.0
NORMAL/Non-Covid (468).png,0.0
NORMAL/Non-Covid (1092).png,0.0
NORMAL/Non-Covid (65).png,0.0
NORMAL/Non-Covid (917).png,0.0
NORMAL/Non-Covid (1044).png,0.0
NORMAL/Non-Covid (433).png,0.0
NORMAL/Non-Covid (21).png,0.0
NORMAL/Non-Covid (305).png,0.0
NORMAL/Non-Covid (1018).png,0.0
NORMAL/Non-Covid (228).png,0.0
NORMAL/Non-Covid (376).png,0.0
NORMAL/Non-Covid (1195).png,0.0
NORMAL/Non-Covid (418).png,0.0
NORMAL/Non-Covid (548).png,0.0
NORMAL/Non-Covid (726).png,0.0
NORMAL/Non-Covid (776).png,0.0
NORMAL/Non-Covid (1183).png,0.0
NORMAL/Non-Covid (773).png,0.0
NORMAL/Non-Covid (339).png,0.0
NORMAL/Non-Covid (356).png,0.0
NORMAL/Non-Covid (523).png,0.0
NORMAL/Non-Covid (50).png,0.0
NORMAL/Non-Covid (229).png,0.0
NORMAL/Non-Covid (1165).png,0.0
NORMAL/Non-Covid (255).png,0.0
NORMAL/Non-Covid (527).png,0.0
NORMAL/Non-Covid (89).png,0.0
NORMAL/Non-Covid (252).png,0.0
NORMAL/Non-Covid (577).png,0.0
NORMAL/Non-Covid (744).png,0.0
NORMAL/Non-Covid (289).png,0.0
NORMAL/Non-Covid (1117).png,0.0
NORMAL/Non-Covid (1154).png,0.0
NORMAL/Non-Covid (512).png,0.0
NORMAL/Non-Covid (277).png,0.0
NORMAL/Non-Covid (621).png,0.0
NORMAL/Non-Covid (980).png,0.0
NORMAL/Non-Covid (840).png,0.0
NORMAL/Non-Covid (538).png,0.0
NORMAL/Non-Covid (707).png,0.0
NORMAL/Non-Covid (1085).png,0.0
NORMAL/Non-Covid (653).png,0.0
NORMAL/Non-Covid (463).png,0.0
NORMAL/Non-Covid (556).png,0.0
NORMAL/Non-Covid (340).png,0.0
NORMAL/Non-Covid (1065).png,0.0
NORMAL/Non-Covid (1079).png,0.0
NORMAL/Non-Covid (675).png,0.0
NORMAL/Non-Covid (513).png,0.0
NORMAL/Non-Covid (624).png,0.0
NORMAL/Non-Covid (1).png,0.0
NORMAL/Non-Covid (394).png,0.0
NORMAL/Non-Covid (506).png,0.0
NORMAL/Non-Covid (244).png,0.0
NORMAL/Non-Covid (32).png,0.0
NORMAL/Non-Covid (869).png,0.0
NORMAL/Non-Covid (359).png,0.0
NORMAL/Non-Covid (1095).png,0.0
NORMAL/Non-Covid (807).png,0.0
NORMAL/Non-Covid (82).png,0.0
NORMAL/Non-Covid (714).png,0.0
NORMAL/Non-Covid (12).png,0.0
NORMAL/Non-Covid (829).png,0.0
NORMAL/Non-Covid (186).png,0.0
NORMAL/Non-Covid (1090).png,0.0
NORMAL/Non-Covid (801).png,0.0
NORMAL/Non-Covid (45).png,0.0
NORMAL/Non-Covid (319).png,0.0
NORMAL/Non-Covid (1190).png,0.0
NORMAL/Non-Covid (528).png,0.0
NORMAL/Non-Covid (112).png,0.0
NORMAL/Non-Covid (122).png,0.0
NORMAL/Non-Covid (982).png,0.0
NORMAL/Non-Covid (751).png,0.0
NORMAL/Non-Covid (885).png,0.0
NORMAL/Non-Covid (718).png,0.0
NORMAL/Non-Covid (815).png,0.0
NORMAL/Non-Covid (696).png,0.0
NORMAL/Non-Covid (679).png,0.0
NORMAL/Non-Covid (22).png,0.0
NORMAL/Non-Covid (1221).png,0.0
NORMAL/Non-Covid (554).png,0.0
NORMAL/Non-Covid (1021).png,0.0
NORMAL/Non-Covid (87).png,0.0
NORMAL/Non-Covid (267).png,0.0
NORMAL/Non-Covid (919).png,0.0
NORMAL/Non-Covid (503).png,0.0
NORMAL/Non-Covid (994).png,0.0
NORMAL/Non-Covid (1000).png,0.0
NORMAL/Non-Covid (1119).png,0.0
NORMAL/Non-Covid (210).png,0.0
NORMAL/Non-Covid (154).png,0.0
NORMAL/Non-Covid (52).png,0.0
NORMAL/Non-Covid (85).png,0.0
NORMAL/Non-Covid (957).png,0.0
NORMAL/Non-Covid (8).png,0.0
NORMAL/Non-Covid (1203).png,0.0
NORMAL/Non-Covid (470).png,0.0
NORMAL/Non-Covid (1200).png,0.0
NORMAL/Non-Covid (1201).png,0.0
NORMAL/Non-Covid (223).png,0.0
NORMAL/Non-Covid (848).png,0.0
NORMAL/Non-Covid (197).png,0.0
NORMAL/Non-Covid (269).png,0.0
NORMAL/Non-Covid (782).png,0.0
NORMAL/Non-Covid (434).png,0.0
NORMAL/Non-Covid (943).png,0.0
NORMAL/Non-Covid (13).png,0.0
NORMAL/Non-Covid (30).png,0.0
NORMAL/Non-Covid (1055).png,0.0
NORMAL/Non-Covid (841).png,0.0
NORMAL/Non-Covid (215).png,0.0
NORMAL/Non-Covid (1211).png,0.0
NORMAL/Non-Covid (477).png,0.0
NORMAL/Non-Covid (11).png,0.0
NORMAL/Non-Covid (722).png,0.0
NORMAL/Non-Covid (804).png,0.0
NORMAL/Non-Covid (370).png,0.0
NORMAL/Non-Covid (410).png,0.0
NORMAL/Non-Covid (620).png,0.0
NORMAL/Non-Covid (1111).png,0.0
NORMAL/Non-Covid (124).png,0.0
NORMAL/Non-Covid (1131).png,0.0
NORMAL/Non-Covid (540).png,0.0
NORMAL/Non-Covid (808).png,0.0
NORMAL/Non-Covid (516).png,0.0
NORMAL/Non-Covid (1121).png,0.0
NORMAL/Non-Covid (758).png,0.0
NORMAL/Non-Covid (1004).png,0.0
NORMAL/Non-Covid (343).png,0.0
NORMAL/Non-Covid (46).png,0.0
NORMAL/Non-Covid (835).png,0.0
NORMAL/Non-Covid (225).png,0.0
NORMAL/Non-Covid (797).png,0.0
NORMAL/Non-Covid (261).png,0.0
NORMAL/Non-Covid (258).png,0.0
NORMAL/Non-Covid (969).png,0.0
NORMAL/Non-Covid (788).png,0.0
NORMAL/Non-Covid (209).png,0.0
NORMAL/Non-Covid (600).png,0.0
NORMAL/Non-Covid (1136).png,0.0
NORMAL/Non-Covid (400).png,0.0
NORMAL/Non-Covid (38).png,0.0
NORMAL/Non-Covid (20).png,0.0
NORMAL/Non-Covid (166).png,0.0
NORMAL/Non-Covid (442).png,0.0
NORMAL/Non-Covid (926).png,0.0
NORMAL/Non-Covid (143).png,0.0
NORMAL/Non-Covid (836).png,0.0
NORMAL/Non-Covid (876).png,0.0
NORMAL/Non-Covid (1049).png,0.0
NORMAL/Non-Covid (251).png,0.0
NORMAL/Non-Covid (406).png,0.0
NORMAL/Non-Covid (317).png,0.0
NORMAL/Non-Covid (312).png,0.0
NORMAL/Non-Covid (738).png,0.0
NORMAL/Non-Covid (759).png,0.0
NORMAL/Non-Covid (935).png,0.0
NORMAL/Non-Covid (701).png,0.0
NORMAL/Non-Covid (590).png,0.0
NORMAL/Non-Covid (654).png,0.0
NORMAL/Non-Covid (345).png,0.0
NORMAL/Non-Covid (721).png,0.0
NORMAL/Non-Covid (54).png,0.0
NORMAL/Non-Covid (736).png,0.0
NORMAL/Non-Covid (475).png,0.0
NORMAL/Non-Covid (502).png,0.0
NORMAL/Non-Covid (387).png,0.0
NORMAL/Non-Covid (646).png,0.0
NORMAL/Non-Covid (595).png,0.0
NORMAL/Non-Covid (161).png,0.0
NORMAL/Non-Covid (764).png,0.0
NORMAL/Non-Covid (753).png,0.0
NORMAL/Non-Covid (404).png,0.0
NORMAL/Non-Covid (1145).png,0.0
NORMAL/Non-Covid (464).png,0.0
NORMAL/Non-Covid (491).png,0.0
NORMAL/Non-Covid (194).png,0.0
NORMAL/Non-Covid (1051).png,0.0
NORMAL/Non-Covid (883).png,0.0
NORMAL/Non-Covid (971).png,0.0
NORMAL/Non-Covid (1046).png,0.0
NORMAL/Non-Covid (332).png,0.0
NORMAL/Non-Covid (185).png,0.0
NORMAL/Non-Covid (296).png,0.0
NORMAL/Non-Covid (661).png,0.0
NORMAL/Non-Covid (70).png,0.0
NORMAL/Non-Covid (80).png,0.0
NORMAL/Non-Covid (632).png,0.0
NORMAL/Non-Covid (635).png,0.0
NORMAL/Non-Covid (285).png,0.0
NORMAL/Non-Covid (495).png,0.0
NORMAL/Non-Covid (399).png,0.0
NORMAL/Non-Covid (816).png,0.0
NORMAL/Non-Covid (925).png,0.0
NORMAL/Non-Covid (6).png,0.0
NORMAL/Non-Covid (678).png,0.0
NORMAL/Non-Covid (904).png,0.0
NORMAL/Non-Covid (629).png,0.0
NORMAL/Non-Covid (1196).png,0.0
NORMAL/Non-Covid (769).png,0.0
NORMAL/Non-Covid (63).png,0.0
NORMAL/Non-Covid (419).png,0.0
NORMAL/Non-Covid (145).png,0.0
NORMAL/Non-Covid (204).png,0.0
NORMAL/Non-Covid (78).png,0.0
NORMAL/Non-Covid (1001).png,0.0
NORMAL/Non-Covid (875).png,0.0
NORMAL/Non-Covid (308).png,0.0
NORMAL/Non-Covid (933).png,0.0
NORMAL/Non-Covid (833).png,0.0
NORMAL/Non-Covid (921).png,0.0
NORMAL/Non-Covid (357).png,0.0
NORMAL/Non-Covid (48).png,0.0
NORMAL/Non-Covid (407).png,0.0
NORMAL/Non-Covid (474).png,0.0
NORMAL/Non-Covid (427).png,0.0
NORMAL/Non-Covid (693).png,0.0
NORMAL/Non-Covid (1202).png,0.0
NORMAL/Non-Covid (372).png,0.0
NORMAL/Non-Covid (936).png,0.0
NORMAL/Non-Covid (14).png,0.0
NORMAL/Non-Covid (147).png,0.0
NORMAL/Non-Covid (314).png,0.0
NORMAL/Non-Covid (901).png,0.0
NORMAL/Non-Covid (275).png,0.0
NORMAL/Non-Covid (611).png,0.0
NORMAL/Non-Covid (144).png,0.0
NORMAL/Non-Covid (550).png,0.0
NORMAL/Non-Covid (535).png,0.0
NORMAL/Non-Covid (640).png,0.0
NORMAL/Non-Covid (805).png,0.0
NORMAL/Non-Covid (1106).png,0.0
NORMAL/Non-Covid (425).png,0.0
NORMAL/Non-Covid (99).png,0.0
NORMAL/Non-Covid (101).png,0.0
NORMAL/Non-Covid (741).png,0.0
NORMAL/Non-Covid (300).png,0.0
NORMAL/Non-Covid (417).png,0.0
NORMAL/Non-Covid (1130).png,0.0
NORMAL/Non-Covid (1142).png,0.0
NORMAL/Non-Covid (997).png,0.0
NORMAL/Non-Covid (567).png,0.0
NORMAL/Non-Covid (694).png,0.0
NORMAL/Non-Covid (930).png,0.0
NORMAL/Non-Covid (665).png,0.0
NORMAL/Non-Covid (813).png,0.0
NORMAL/Non-Covid (834).png,0.0
NORMAL/Non-Covid (1174).png,0.0
NORMAL/Non-Covid (1170).png,0.0
NORMAL/Non-Covid (457).png,0.0
NORMAL/Non-Covid (374).png,0.0
NORMAL/Non-Covid (437).png,0.0
NORMAL/Non-Covid (1146).png,0.0
NORMAL/Non-Covid (1094).png,0.0
NORMAL/Non-Covid (1012).png,0.0
NORMAL/Non-Covid (409).png,0.0
NORMAL/Non-Covid (699).png,0.0
NORMAL/Non-Covid (912).png,0.0
NORMAL/Non-Covid (447).png,0.0
NORMAL/Non-Covid (810).png,0.0
NORMAL/Non-Covid (378).png,0.0
NORMAL/Non-Covid (188).png,0.0
NORMAL/Non-Covid (323).png,0.0
NORMAL/Non-Covid (34).png,0.0
NORMAL/Non-Covid (663).png,0.0
NORMAL/Non-Covid (916).png,0.0
NORMAL/Non-Covid (256).png,0.0
NORMAL/Non-Covid (986).png,0.0
NORMAL/Non-Covid (1082).png,0.0
NORMAL/Non-Covid (62).png,0.0
NORMAL/Non-Covid (281).png,0.0
NORMAL/Non-Covid (1073).png,0.0
NORMAL/Non-Covid (1037).png,0.0
NORMAL/Non-Covid (666).png,0.0
NORMAL/Non-Covid (857).png,0.0
NORMAL/Non-Covid (762).png,0.0
NORMAL/Non-Covid (530).png,0.0
NORMAL/Non-Covid (483).png,0.0
NORMAL/Non-Covid (264).png,0.0
NORMAL/Non-Covid (488).png,0.0
NORMAL/Non-Covid (766).png,0.0
NORMAL/Non-Covid (988).png,0.0
NORMAL/Non-Covid (97).png,0.0
NORMAL/Non-Covid (84).png,0.0
NORMAL/Non-Covid (942).png,0.0
NORMAL/Non-Covid (838).png,0.0
NORMAL/Non-Covid (181).png,0.0
NORMAL/Non-Covid (580).png,0.0
NORMAL/Non-Covid (689).png,0.0
NORMAL/Non-Covid (392).png,0.0
NORMAL/Non-Covid (94).png,0.0
NORMAL/Non-Covid (212).png,0.0
NORMAL/Non-Covid (1060).png,0.0
NORMAL/Non-Covid (354).png,0.0
NORMAL/Non-Covid (35).png,0.0
NORMAL/Non-Covid (198).png,0.0
COVID/Covid (266).png,1.0
COVID/Covid (505).png,1.0
COVID/Covid (814).png,1.0
COVID/Covid (279).png,1.0
COVID/Covid (143).png,1.0
COVID/Covid (641).png,1.0
COVID/Covid (789).png,1.0
COVID/Covid (808).png,1.0
COVID/Covid (1192).png,1.0
COVID/Covid (554).png,1.0
COVID/Covid (1139).png,1.0
COVID/Covid (24).png,1.0
COVID/Covid (371).png,1.0
COVID/Covid (316).png,1.0
COVID/Covid (834).png,1.0
COVID/Covid (168).png,1.0
COVID/Covid (192).png,1.0
COVID/Covid (946).png,1.0
COVID/Covid (169).png,1.0
COVID/Covid (1076).png,1.0
COVID/Covid (171).png,1.0
COVID/Covid (1155).png,1.0
COVID/Covid (61).png,1.0
COVID/Covid (902).png,1.0
COVID/Covid (382).png,1.0
COVID/Covid (822).png,1.0
COVID/Covid (228).png,1.0
COVID/Covid (172).png,1.0
COVID/Covid (75).png,1.0
COVID/Covid (139).png,1.0
COVID/Covid (833).png,1.0
COVID/Covid (666).png,1.0
COVID/Covid (421).png,1.0
COVID/Covid (698).png,1.0
COVID/Covid (588).png,1.0
COVID/Covid (1160).png,1.0
COVID/Covid (446).png,1.0
COVID/Covid (222).png,1.0
COVID/Covid (526).png,1.0
COVID/Covid (235).png,1.0
COVID/Covid (976).png,1.0
COVID/Covid (423).png,1.0
COVID/Covid (1205).png,1.0
COVID/Covid (763).png,1.0
COVID/Covid (639).png,1.0
COVID/Covid (948).png,1.0
COVID/Covid (741).png,1.0
COVID/Covid (484).png,1.0
COVID/Covid (606).png,1.0
COVID/Covid (217).png,1.0
COVID/Covid (637).png,1.0
COVID/Covid (769).png,1.0
COVID/Covid (485).png,1.0
COVID/Covid (7).png,1.0
COVID/Covid (933).png,1.0
COVID/Covid (322).png,1.0
COVID/Covid (867).png,1.0
COVID/Covid (522).png,1.0
COVID/Covid (467).png,1.0
COVID/Covid (602).png,1.0
COVID/Covid (56).png,1.0
COVID/Covid (399).png,1.0
COVID/Covid (1028).png,1.0
COVID/Covid (780).png,1.0
COVID/Covid (236).png,1.0
COVID/Covid (879).png,1.0
COVID/Covid (278).png,1.0
COVID/Covid (562).png,1.0
COVID/Covid (986).png,1.0
COVID/Covid (735).png,1.0
COVID/Covid (220).png,1.0
COVID/Covid (251).png,1.0
COVID/Covid (530).png,1.0
COVID/Covid (989).png,1.0
COVID/Covid (5).png,1.0
COVID/Covid (233).png,1.0
COVID/Covid (1238).png,1.0
COVID/Covid (1230).png,1.0
COVID/Covid (123).png,1.0
COVID/Covid (534).png,1.0
COVID/Covid (367).png,1.0
COVID/Covid (920).png,1.0
COVID/Covid (713).png,1.0
COVID/Covid (1018).png,1.0
COVID/Covid (519).png,1.0
COVID/Covid (1046).png,1.0
COVID/Covid (1171).png,1.0
COVID/Covid (736).png,1.0
COVID/Covid (934).png,1.0
COVID/Covid (309).png,1.0
COVID/Covid (120).png,1.0
COVID/Covid (971).png,1.0
COVID/Covid (52).png,1.0
COVID/Covid (937).png,1.0
COVID/Covid (977).png,1.0
COVID/Covid (714).png,1.0
COVID/Covid (916).png,1.0
COVID/Covid (703).png,1.0
COVID/Covid (374).png,1.0
COVID/Covid (766).png,1.0
COVID/Covid (272).png,1.0
COVID/Covid (176).png,1.0
COVID/Covid (80).png,1.0
COVID/Covid (563).png,1.0
COVID/Covid (273).png,1.0
COVID/Covid (320).png,1.0
COVID/Covid (818).png,1.0
COVID/Covid (329).png,1.0
COVID/Covid (952).png,1.0
COVID/Covid (895).png,1.0
COVID/Covid (1131).png,1.0
COVID/Covid (863).png,1.0
COVID/Covid (1097).png,1.0
COVID/Covid (744).png,1.0
COVID/Covid (430).png,1.0
COVID/Covid (112).png,1.0
COVID/Covid (131).png,1.0
COVID/Covid (936).png,1.0
COVID/Covid (1022).png,1.0
COVID/Covid (1006).png,1.0
COVID/Covid (241).png,1.0
COVID/Covid (1163).png,1.0
COVID/Covid (254).png,1.0
COVID/Covid (418).png,1.0
COVID/Covid (183).png,1.0
COVID/Covid (16).png,1.0
COVID/Covid (645).png,1.0
COVID/Covid (836).png,1.0
COVID/Covid (87).png,1.0
COVID/Covid (1120).png,1.0
COVID/Covid (1247).png,1.0
COVID/Covid (678).png,1.0
COVID/Covid (1201).png,1.0
COVID/Covid (1162).png,1.0
COVID/Covid (730).png,1.0
COVID/Covid (296).png,1.0
COVID/Covid (807).png,1.0
COVID/Covid (674).png,1.0
COVID/Covid (624).png,1.0
COVID/Covid (1174).png,1.0
COVID/Covid (979).png,1.0
COVID/Covid (53).png,1.0
COVID/Covid (439).png,1.0
COVID/Covid (1105).png,1.0
COVID/Covid (886).png,1.0
COVID/Covid (164).png,1.0
COVID/Covid (249).png,1.0
COVID/Covid (693).png,1.0
COVID/Covid (938).png,1.0
COVID/Covid (290).png,1.0
COVID/Covid (1122).png,1.0
COVID/Covid (422).png,1.0
COVID/Covid (1061).png,1.0
COVID/Covid (229).png,1.0
COVID/Covid (497).png,1.0
COVID/Covid (474).png,1.0
COVID/Covid (19).png,1.0
COVID/Covid (917).png,1.0
COVID/Covid (261).png,1.0
COVID/Covid (721).png,1.0
COVID/Covid (1216).png,1.0
COVID/Covid (105).png,1.0
COVID/Covid (543).png,1.0
COVID/Covid (372).png,1.0
COVID/Covid (413).png,1.0
COVID/Covid (705).png,1.0
COVID/Covid (1115).png,1.0
COVID/Covid (218).png,1.0
COVID/Covid (1157).png,1.0
COVID/Covid (653).png,1.0
COVID/Covid (154).png,1.0
COVID/Covid (964).png,1.0
COVID/Covid (434).png,1.0
COVID/Covid (1242).png,1.0
COVID/Covid (420).png,1.0
COVID/Covid (69).png,1.0
COVID/Covid (297).png,1.0
COVID/Covid (553).png,1.0
COVID/Covid (283).png,1.0
COVID/Covid (682).png,1.0
COVID/Covid (729).png,1.0
COVID/Covid (318).png,1.0
COVID/Covid (392).png,1.0
COVID/Covid (400).png,1.0
COVID/Covid (223).png,1.0
COVID/Covid (658).png,1.0
COVID/Covid (969).png,1.0
COVID/Covid (428).png,1.0
COVID/Covid (630).png,1.0
COVID/Covid (70).png,1.0
COVID/Covid (478).png,1.0
COVID/Covid (459).png,1.0
COVID/Covid (344).png,1.0
COVID/Covid (373).png,1.0
COVID/Covid (778).png,1.0
COVID/Covid (360).png,1.0
COVID/Covid (393).png,1.0
COVID/Covid (896).png,1.0
COVID/Covid (532).png,1.0
COVID/Covid (1083).png,1.0
COVID/Covid (496).png,1.0
COVID/Covid (826).png,1.0
COVID/Covid (1246).png,1.0
COVID/Covid (771).png,1.0
COVID/Covid (17).png,1.0
COVID/Covid (860).png,1.0
COVID/Covid (482).png,1.0
COVID/Covid (882).png,1.0
COVID/Covid (1231).png,1.0
COVID/Covid (1092).png,1.0
COVID/Covid (1060).png,1.0
COVID/Covid (1038).png,1.0
COVID/Covid (930).png,1.0
COVID/Covid (702).png,1.0
COVID/Covid (854).png,1.0
COVID/Covid (471).png,1.0
COVID/Covid (35).png,1.0
COVID/Covid (1117).png,1.0
COVID/Covid (500).png,1.0
COVID/Covid (610).png,1.0
COVID/Covid (1010).png,1.0
COVID/Covid (404).png,1.0
COVID/Covid (573).png,1.0
COVID/Covid (587).png,1.0
COVID/Covid (582).png,1.0
COVID/Covid (737).png,1.0
COVID/Covid (1182).png,1.0
COVID/Covid (1035).png,1.0
COVID/Covid (738).png,1.0
COVID/Covid (907).png,1.0
COVID/Covid (1093).png,1.0
COVID/Covid (8).png,1.0
COVID/Covid (90).png,1.0
COVID/Covid (186).png,1.0
COVID/Covid (147).png,1.0
COVID/Covid (212).png,1.0
COVID/Covid (1218).png,1.0
COVID/Covid (700).png,1.0
COVID/Covid (991).png,1.0
COVID/Covid (1251).png,1.0
COVID/Covid (476).png,1.0
COVID/Covid (825).png,1.0
COVID/Covid (677).png,1.0
COVID/Covid (253).png,1.0
COVID/Covid (719).png,1.0
COVID/Covid (403).png,1.0
COVID/Covid (349).png,1.0
COVID/Covid (820).png,1.0
COVID/Covid (1235).png,1.0
COVID/Covid (590).png,1.0
COVID/Covid (511).png,1.0
COVID/Covid (433).png,1.0
COVID/Covid (805).png,1.0
COVID/Covid (234).png,1.0
COVID/Covid (240).png,1.0
COVID/Covid (1224).png,1.0
COVID/Covid (1019).png,1.0
COVID/Covid (414).png,1.0
COVID/Covid (280).png,1.0
COVID/Covid (354).png,1.0
COVID/Covid (1207).png,1.0
COVID/Covid (1087).png,1.0
COVID/Covid (706).png,1.0
COVID/Covid (1119).png,1.0
COVID/Covid (494).png,1.0
COVID/Covid (268).png,1.0
COVID/Covid (875).png,1.0
COVID/Covid (498).png,1.0
COVID/Covid (473).png,1.0
COVID/Covid (267).png,1.0
COVID/Covid (617).png,1.0
COVID/Covid (375).png,1.0
COVID/Covid (753).png,1.0
COVID/Covid (1190).png,1.0
COVID/Covid (1221).png,1.0
COVID/Covid (859).png,1.0
COVID/Covid (701).png,1.0
COVID/Covid (378).png,1.0
COVID/Covid (364).png,1.0
COVID/Covid (379).png,1.0
COVID/Covid (111).png,1.0
COVID/Covid (835).png,1.0
COVID/Covid (1007).png,1.0
COVID/Covid (955).png,1.0
COVID/Covid (516).png,1.0
COVID/Covid (1245).png,1.0
COVID/Covid (426).png,1.0
COVID/Covid (768).png,1.0
COVID/Covid (899).png,1.0
COVID/Covid (605).png,1.0
COVID/Covid (58).png,1.0
COVID/Covid (1136).png,1.0
COVID/Covid (170).png,1.0
COVID/Covid (355).png,1.0
COVID/Covid (509).png,1.0
COVID/Covid (828).png,1.0
COVID/Covid (1005).png,1.0
COVID/Covid (857).png,1.0
COVID/Covid (539).png,1.0
COVID/Covid (1144).png,1.0
COVID/Covid (116).png,1.0
COVID/Covid (804).png,1.0
COVID/Covid (981).png,1.0
COVID/Covid (1145).png,1.0
COVID/Covid (436).png,1.0
COVID/Covid (1185).png,1.0
COVID/Covid (48).png,1.0
COVID/Covid (338).png,1.0
COVID/Covid (303).png,1.0
COVID/Covid (564).png,1.0
COVID/Covid (1065).png,1.0
COVID/Covid (281).png,1.0
COVID/Covid (1219).png,1.0
COVID/Covid (1033).png,1.0
COVID/Covid (395).png,1.0
COVID/Covid (383).png,1.0
COVID/Covid (927).png,1.0
COVID/Covid (472).png,1.0
COVID/Covid (1129).png,1.0
COVID/Covid (776).png,1.0
COVID/Covid (783).png,1.0
COVID/Covid (1051).png,1.0
COVID/Covid (540).png,1.0
COVID/Covid (1031).png,1.0
COVID/Covid (1225).png,1.0
COVID/Covid (591).png,1.0
COVID/Covid (978).png,1.0
COVID/Covid (720).png,1.0
COVID/Covid (694).png,1.0
COVID/Covid (1121).png,1.0
COVID/Covid (73).png,1.0
COVID/Covid (620).png,1.0
COVID/Covid (189).png,1.0
COVID/Covid (999).png,1.0
COVID/Covid (1082).png,1.0
COVID/Covid (247).png,1.0
COVID/Covid (68).png,1.0
COVID/Covid (597).png,1.0
COVID/Covid (199).png,1.0
COVID/Covid (618).png,1.0
COVID/Covid (396).png,1.0
COVID/Covid (74).png,1.0
COVID/Covid (827).png,1.0
COVID/Covid (77).png,1.0
COVID/Covid (447).png,1.0
COVID/Covid (1199).png,1.0
COVID/Covid (54).png,1.0
COVID/Covid (733).png,1.0
COVID/Covid (513).png,1.0
COVID/Covid (455).png,1.0
COVID/Covid (469).png,1.0
COVID/Covid (255).png,1.0
COVID/Covid (974).png,1.0
COVID/Covid (775).png,1.0
COVID/Covid (1013).png,1.0
COVID/Covid (761).png,1.0
COVID/Covid (691).png,1.0
COVID/Covid (943).png,1.0
COVID/Covid (101).png,1.0
COVID/Covid (461).png,1.0
COVID/Covid (905).png,1.0
COVID/Covid (786).png,1.0
COVID/Covid (695).png,1.0
COVID/Covid (197).png,1.0
COVID/Covid (491).png,1.0
COVID/Covid (1240).png,1.0
COVID/Covid (1069).png,1.0
COVID/Covid (1132).png,1.0
COVID/Covid (1095).png,1.0
COVID/Covid (328).png,1.0
COVID/Covid (264).png,1.0
COVID/Covid (83).png,1.0
COVID/Covid (119).png,1.0
COVID/Covid (10).png,1.0
COVID/Covid (586).png,1.0
COVID/Covid (1067).png,1.0
COVID/Covid (248).png,1.0
COVID/Covid (663).png,1.0
COVID/Covid (858).png,1.0
COVID/Covid (1168).png,1.0
COVID/Covid (138).png,1.0
COVID/Covid (28).png,1.0
COVID/Covid (180).png,1.0
COVID/Covid (88).png,1.0
COVID/Covid (821).png,1.0
COVID/Covid (23).png,1.0
COVID/Covid (657).png,1.0
COVID/Covid (384).png,1.0
COVID/Covid (832).png,1.0
COVID/Covid (409).png,1.0
COVID/Covid (625).png,1.0
COVID/Covid (148).png,1.0
COVID/Covid (1212).png,1.0
COVID/Covid (1100).png,1.0
COVID/Covid (230).png,1.0
COVID/Covid (868).png,1.0
COVID/Covid (270).png,1.0
COVID/Covid (785).png,1.0
COVID/Covid (803).png,1.0
COVID/Covid (442).png,1.0
COVID/Covid (940).png,1.0
COVID/Covid (1016).png,1.0
COVID/Covid (629).png,1.0
COVID/Covid (687).png,1.0
COVID/Covid (1173).png,1.0
COVID/Covid (742).png,1.0
COVID/Covid (475).png,1.0
COVID/Covid (477).png,1.0
COVID/Covid (161).png,1.0
COVID/Covid (751).png,1.0
COVID/Covid (463).png,1.0
COVID/Covid (1236).png,1.0
COVID/Covid (660).png,1.0
COVID/Covid (675).png,1.0
COVID/Covid (956).png,1.0
COVID/Covid (289).png,1.0
COVID/Covid (664).png,1.0
COVID/Covid (300).png,1.0
COVID/Covid (898).png,1.0
COVID/Covid (259).png,1.0
COVID/Covid (277).png,1.0
COVID/Covid (315).png,1.0
COVID/Covid (1103).png,1.0
COVID/Covid (410).png,1.0
COVID/Covid (1041).png,1.0
COVID/Covid (144).png,1.0
COVID/Covid (1197).png,1.0
COVID/Covid (594).png,1.0
COVID/Covid (380).png,1.0
COVID/Covid (643).png,1.0
COVID/Covid (945).png,1.0
COVID/Covid (429).png,1.0
COVID/Covid (86).png,1.0
COVID/Covid (983).png,1.0
COVID/Covid (95).png,1.0
COVID/Covid (1021).png,1.0
COVID/Covid (31).png,1.0
COVID/Covid (598).png,1.0
COVID/Covid (935).png,1.0
COVID/Covid (489).png,1.0
COVID/Covid (580).png,1.0
COVID/Covid (157).png,1.0
COVID/Covid (1170).png,1.0
COVID/Covid (317).png,1.0
COVID/Covid (512).png,1.0
COVID/Covid (99).png,1.0
COVID/Covid (576).png,1.0
COVID/Covid (982).png,1.0
COVID/Covid (133).png,1.0
COVID/Covid (919).png,1.0
COVID/Covid (1109).png,1.0
COVID/Covid (57).png,1.0
COVID/Covid (129).png,1.0
COVID/Covid (507).png,1.0
COVID/Covid (1034).png,1.0
COVID/Covid (954).png,1.0
COVID/Covid (301).png,1.0
COVID/Covid (546).png,1.0
COVID/Covid (122).png,1.0
COVID/Covid (39).png,1.0
COVID/Covid (654).png,1.0
COVID/Covid (480).png,1.0
COVID/Covid (1184).png,1.0
COVID/Covid (1086).png,1.0
COVID/Covid (583).png,1.0
COVID/Covid (566).png,1.0
COVID/Covid (739).png,1.0
COVID/Covid (1024).png,1.0
COVID/Covid (381).png,1.0
COVID/Covid (770).png,1.0
COVID/Covid (772).png,1.0
COVID/Covid (892).png,1.0
COVID/Covid (128).png,1.0
COVID/Covid (774).png,1.0
COVID/Covid (156).png,1.0
COVID/Covid (1110).png,1.0
COVID/Covid (479).png,1.0
COVID/Covid (65).png,1.0
COVID/Covid (1027).png,1.0
COVID/Covid (542).png,1.0
COVID/Covid (953).png,1.0
COVID/Covid (799).png,1.0
COVID/Covid (244).png,1.0
COVID/Covid (1118).png,1.0
COVID/Covid (614).png,1.0
COVID/Covid (427).png,1.0
COVID/Covid (311).png,1.0
COVID/Covid (108).png,1.0
COVID/Covid (545).png,1.0
COVID/Covid (754).png,1.0
COVID/Covid (913).png,1.0
COVID/Covid (557).png,1.0
COVID/Covid (1049).png,1.0
COVID/Covid (458).png,1.0
COVID/Covid (870).png,1.0
COVID/Covid (673).png,1.0
COVID/Covid (50).png,1.0
COVID/Covid (712).png,1.0
COVID/Covid (762).png,1.0
COVID/Covid (760).png,1.0
COVID/Covid (347).png,1.0
COVID/Covid (800).png,1.0
COVID/Covid (431).png,1.0
COVID/Covid (912).png,1.0
COVID/Covid (764).png,1.0
COVID/Covid (153).png,1.0
COVID/Covid (1008).png,1.0
COVID/Covid (939).png,1.0
COVID/Covid (1000).png,1.0
COVID/Covid (561).png,1.0
COVID/Covid (626).png,1.0
COVID/Covid (146).png,1.0
COVID/Covid (685).png,1.0
COVID/Covid (27).png,1.0
COVID/Covid (437).png,1.0
COVID/Covid (114).png,1.0
COVID/Covid (647).png,1.0
COVID/Covid (1204).png,1.0
COVID/Covid (743).png,1.0
COVID/Covid (1198).png,1.0
COVID/Covid (84).png,1.0
COVID/Covid (848).png,1.0
COVID/Covid (1014).png,1.0
COVID/Covid (592).png,1.0
COVID/Covid (1179).png,1.0
COVID/Covid (97).png,1.0
COVID/Covid (696).png,1.0
COVID/Covid (257).png,1.0
COVID/Covid (921).png,1.0
COVID/Covid (365).png,1.0
COVID/Covid (96).png,1.0
COVID/Covid (1040).png,1.0
COVID/Covid (885).png,1.0
COVID/Covid (839).png,1.0
COVID/Covid (1156).png,1.0
COVID/Covid (287).png,1.0
COVID/Covid (985).png,1.0
COVID/Covid (408).png,1.0
COVID/Covid (348).png,1.0
COVID/Covid (846).png,1.0
COVID/Covid (788).png,1.0
COVID/Covid (793).png,1.0
COVID/Covid (684).png,1.0
COVID/Covid (470).png,1.0
COVID/Covid (609).png,1.0
COVID/Covid (1203).png,1.0
COVID/Covid (243).png,1.0
COVID/Covid (1).png,1.0
COVID/Covid (1227).png,1.0
COVID/Covid (1210).png,1.0
COVID/Covid (141).png,1.0
COVID/Covid (1113).png,1.0
COVID/Covid (1025).png,1.0
COVID/Covid (501).png,1.0
COVID/Covid (453).png,1.0
COVID/Covid (890).png,1.0
COVID/Covid (337).png,1.0
COVID/Covid (931).png,1.0
COVID/Covid (219).png,1.0
COVID/Covid (285).png,1.0
COVID/Covid (94).png,1.0
COVID/Covid (851).png,1.0
COVID/Covid (1004).png,1.0
COVID/Covid (386).png,1.0
COVID/Covid (200).png,1.0
COVID/Covid (275).png,1.0
COVID/Covid (126).png,1.0
COVID/Covid (1248).png,1.0
COVID/Covid (1074).png,1.0
COVID/Covid (454).png,1.0
COVID/Covid (291).png,1.0
COVID/Covid (830).png,1.0
COVID/Covid (681).png,1.0
COVID/Covid (486).png,1.0
COVID/Covid (980).png,1.0
COVID/Covid (284).png,1.0
COVID/Covid (324).png,1.0
COVID/Covid (552).png,1.0
COVID/Covid (62).png,1.0
COVID/Covid (1193).png,1.0
COVID/Covid (569).png,1.0
COVID/Covid (918).png,1.0
COVID/Covid (1003).png,1.0
COVID/Covid (67).png,1.0
COVID/Covid (510).png,1.0
COVID/Covid (490).png,1.0
COVID/Covid (118).png,1.0
COVID/Covid (362).png,1.0
COVID/Covid (1149).png,1.0
COVID/Covid (310).png,1.0
COVID/Covid (847).png,1.0
COVID/Covid (941).png,1.0
COVID/Covid (816).png,1.0
COVID/Covid (615).png,1.0
COVID/Covid (271).png,1.0
COVID/Covid (1143).png,1.0
COVID/Covid (988).png,1.0
COVID/Covid (1222).png,1.0
COVID/Covid (726).png,1.0
COVID/Covid (487).png,1.0
COVID/Covid (584).png,1.0
COVID/Covid (1154).png,1.0
COVID/Covid (692).png,1.0
COVID/Covid (792).png,1.0
COVID/Covid (529).png,1.0
COVID/Covid (686).png,1.0
COVID/Covid (42).png,1.0
COVID/Covid (662).png,1.0
COVID/Covid (385).png,1.0
COVID/Covid (536).png,1.0
COVID/Covid (1140).png,1.0
COVID/Covid (914).png,1.0
COVID/Covid (650).png,1.0
COVID/Covid (389).png,1.0
COVID/Covid (488).png,1.0
COVID/Covid (466).png,1.0
COVID/Covid (925).png,1.0
COVID/Covid (704).png,1.0
COVID/Covid (527).png,1.0
COVID/Covid (781).png,1.0
COVID/Covid (18).png,1.0
COVID/Covid (394).png,1.0
COVID/Covid (269).png,1.0
COVID/Covid (727).png,1.0
COVID/Covid (640).png,1.0
COVID/Covid (132).png,1.0
COVID/Covid (353).png,1.0
COVID/Covid (194).png,1.0
COVID/Covid (801).png,1.0
COVID/Covid (667).png,1.0
COVID/Covid (638).png,1.0
COVID/Covid (707).png,1.0
COVID/Covid (306).png,1.0
COVID/Covid (1070).png,1.0
COVID/Covid (443).png,1.0
COVID/Covid (1241).png,1.0
COVID/Covid (30).png,1.0
COVID/Covid (877).png,1.0
COVID/Covid (669).png,1.0
COVID/Covid (3).png,1.0
COVID/Covid (350).png,1.0
COVID/Covid (162).png,1.0
COVID/Covid (140).png,1.0
COVID/Covid (659).png,1.0
COVID/Covid (570).png,1.0
COVID/Covid (308).png,1.0
COVID/Covid (1208).png,1.0
COVID/Covid (506).png,1.0
COVID/Covid (1252).png,1.0
COVID/Covid (970).png,1.0
COVID/Covid (13).png,1.0
COVID/Covid (1059).png,1.0
COVID/Covid (332).png,1.0
COVID/Covid (520).png,1.0
COVID/Covid (748).png,1.0
COVID/Covid (1211).png,1.0
COVID/Covid (37).png,1.0
COVID/Covid (759).png,1.0
COVID/Covid (125).png,1.0
COVID/Covid (1226).png,1.0
COVID/Covid (1223).png,1.0
COVID/Covid (906).png,1.0
COVID/Covid (996).png,1.0
COVID/Covid (205).png,1.0
COVID/Covid (314).png,1.0
COVID/Covid (1017).png,1.0
COVID/Covid (572).png,1.0
COVID/Covid (1026).png,1.0
COVID/Covid (1148).png,1.0
COVID/Covid (515).png,1.0
COVID/Covid (456).png,1.0
COVID/Covid (809).png,1.0
COVID/Covid (1054).png,1.0
COVID/Covid (548).png,1.0
COVID/Covid (585).png,1.0
COVID/Covid (1112).png,1.0
COVID/Covid (734).png,1.0
COVID/Covid (755).png,1.0
COVID/Covid (370).png,1.0
COVID/Covid (195).png,1.0
COVID/Covid (203).png,1.0
COVID/Covid (15).png,1.0
COVID/Covid (889).png,1.0
COVID/Covid (312).png,1.0
COVID/Covid (549).png,1.0
COVID/Covid (1099).png,1.0
COVID/Covid (577).png,1.0
COVID/Covid (1077).png,1.0
COVID/Covid (85).png,1.0
COVID/Covid (334).png,1.0
COVID/Covid (121).png,1.0
COVID/Covid (1125).png,1.0
COVID/Covid (746).png,1.0
COVID/Covid (994).png,1.0
COVID/Covid (127).png,1.0
COVID/Covid (1146).png,1.0
COVID/Covid (842).png,1.0
COVID/Covid (340).png,1.0
COVID/Covid (294).png,1.0
COVID/Covid (504).png,1.0
COVID/Covid (499).png,1.0
COVID/Covid (1068).png,1.0
COVID/Covid (358).png,1.0
COVID/Covid (225).png,1.0
COVID/Covid (960).png,1.0
COVID/Covid (1234).png,1.0
COVID/Covid (963).png,1.0
COVID/Covid (544).png,1.0
COVID/Covid (1214).png,1.0
COVID/Covid (965).png,1.0
COVID/Covid (163).png,1.0
COVID/Covid (600).png,1.0
COVID/Covid (932).png,1.0
COVID/Covid (531).png,1.0
COVID/Covid (214).png,1.0
COVID/Covid (897).png,1.0
COVID/Covid (1009).png,1.0
COVID/Covid (1166).png,1.0
COVID/Covid (574).png,1.0
COVID/Covid (1229).png,1.0
COVID/Covid (295).png,1.0
COVID/Covid (966).png,1.0
COVID/Covid (313).png,1.0
COVID/Covid (1094).png,1.0
COVID/Covid (611).png,1.0
COVID/Covid (1075).png,1.0
COVID/Covid (1180).png,1.0
COVID/Covid (1011).png,1.0
COVID/Covid (299).png,1.0
COVID/Covid (853).png,1.0
COVID/Covid (1104).png,1.0
COVID/Covid (697).png,1.0
COVID/Covid (213).png,1.0
COVID/Covid (613).png,1.0
COVID/Covid (323).png,1.0
COVID/Covid (750).png,1.0
COVID/Covid (502).png,1.0
COVID/Covid (728).png,1.0
COVID/Covid (166).png,1.0
COVID/Covid (460).png,1.0
COVID/Covid (856).png,1.0
COVID/Covid (441).png,1.0
COVID/Covid (688).png,1.0
COVID/Covid (849).png,1.0
COVID/Covid (869).png,1.0
COVID/Covid (794).png,1.0
COVID/Covid (411).png,1.0
COVID/Covid (972).png,1.0
COVID/Covid (819).png,1.0
COVID/Covid (823).png,1.0
COVID/Covid (915).png,1.0
COVID/Covid (1073).png,1.0
COVID/Covid (608).png,1.0
COVID/Covid (263).png,1.0
COVID/Covid (150).png,1.0
COVID/Covid (533).png,1.0
COVID/Covid (1167).png,1.0
COVID/Covid (784).png,1.0
COVID/Covid (444).png,1.0
COVID/Covid (690).png,1.0
COVID/Covid (984).png,1.0
COVID/Covid (923).png,1.0
COVID/Covid (551).png,1.0
COVID/Covid (245).png,1.0
COVID/Covid (336).png,1.0
COVID/Covid (578).png,1.0
COVID/Covid (181).png,1.0
COVID/Covid (908).png,1.0
COVID/Covid (38).png,1.0
COVID/Covid (136).png,1.0
COVID/Covid (528).png,1.0
COVID/Covid (633).png,1.0
COVID/Covid (45).png,1.0
COVID/Covid (837).png,1.0
COVID/Covid (387).png,1.0
COVID/Covid (1133).png,1.0
COVID/Covid (644).png,1.0
COVID/Covid (47).png,1.0
COVID/Covid (215).png,1.0
COVID/Covid (1128).png,1.0
COVID/Covid (405).png,1.0
COVID/Covid (335).png,1.0
COVID/Covid (1232).png,1.0
COVID/Covid (575).png,1.0
COVID/Covid (903).png,1.0
COVID/Covid (82).png,1.0
COVID/Covid (450).png,1.0
COVID/Covid (715).png,1.0
COVID/Covid (321).png,1.0
COVID/Covid (829).png,1.0
COVID/Covid (1066).png,1.0
COVID/Covid (79).png,1.0
COVID/Covid (565).png,1.0
COVID/Covid (997).png,1.0
COVID/Covid (202).png,1.0
COVID/Covid (137).png,1.0
COVID/Covid (55).png,1.0
COVID/Covid (286).png,1.0
COVID/Covid (710).png,1.0
COVID/Covid (363).png,1.0
COVID/Covid (416).png,1.0
COVID/Covid (599).png,1.0
COVID/Covid (4).png,1.0
COVID/Covid (723).png,1.0
COVID/Covid (841).png,1.0
COVID/Covid (25).png,1.0
COVID/Covid (790).png,1.0
COVID/Covid (1123).png,1.0
COVID/Covid (43).png,1.0
COVID/Covid (342).png,1.0
COVID/Covid (1029).png,1.0
COVID/Covid (493).png,1.0
COVID/Covid (679).png,1.0
COVID/Covid (802).png,1.0
COVID/Covid (21).png,1.0
COVID/Covid (109).png,1.0
COVID/Covid (756).png,1.0
COVID/Covid (288).png,1.0
COVID/Covid (406).png,1.0
COVID/Covid (391).png,1.0
COVID/Covid (1209).png,1.0
COVID/Covid (465).png,1.0
COVID/Covid (812).png,1.0
COVID/Covid (1098).png,1.0
COVID/Covid (26).png,1.0
COVID/Covid (327).png,1.0
COVID/Covid (628).png,1.0
COVID/Covid (258).png,1.0
COVID/Covid (631).png,1.0
COVID/Covid (949).png,1.0
COVID/Covid (438).png,1.0
COVID/Covid (1053).png,1.0
COVID/Covid (76).png,1.0
COVID/Covid (1187).png,1.0
COVID/Covid (998).png,1.0
COVID/Covid (1202).png,1.0
COVID/Covid (104).png,1.0
COVID/Covid (951).png,1.0
COVID/Covid (345).png,1.0
COVID/Covid (1081).png,1.0
COVID/Covid (339).png,1.0
COVID/Covid (810).png,1.0
COVID/Covid (845).png,1.0
COVID/Covid (1130).png,1.0
COVID/Covid (343).png,1.0
COVID/Covid (1043).png,1.0
COVID/Covid (1063).png,1.0
COVID/Covid (1020).png,1.0
COVID/Covid (558).png,1.0
COVID/Covid (1030).png,1.0
COVID/Covid (621).png,1.0
COVID/Covid (207).png,1.0
COVID/Covid (1107).png,1.0
COVID/Covid (777).png,1.0
COVID/Covid (874).png,1.0
COVID/Covid (1126).png,1.0
COVID/Covid (274).png,1.0
COVID/Covid (855).png,1.0
COVID/Covid (1239).png,1.0
COVID/Covid (1091).png,1.0
COVID/Covid (12).png,1.0
COVID/Covid (987).png,1.0
COVID/Covid (319).png,1.0
COVID/Covid (115).png,1.0
COVID/Covid (797).png,1.0
COVID/Covid (359).png,1.0
COVID/Covid (182).png,1.0
COVID/Covid (1055).png,1.0
COVID/Covid (113).png,1.0
COVID/Covid (351).png,1.0
COVID/Covid (862).png,1.0
COVID/Covid (1135).png,1.0
COVID/Covid (256).png,1.0
COVID/Covid (40).png,1.0
COVID/Covid (711).png,1.0
COVID/Covid (193).png,1.0
COVID/Covid (1042).png,1.0
COVID/Covid (425).png,1.0
COVID/Covid (1036).png,1.0
COVID/Covid (238).png,1.0
COVID/Covid (716).png,1.0
COVID/Covid (1048).png,1.0
COVID/Covid (46).png,1.0
COVID/Covid (1037).png,1.0
COVID/Covid (188).png,1.0
COVID/Covid (331).png,1.0
COVID/Covid (928).png,1.0
COVID/Covid (514).png,1.0
COVID/Covid (341).png,1.0
COVID/Covid (151).png,1.0
COVID/Covid (49).png,1.0
COVID/Covid (1215).png,1.0
COVID/Covid (435).png,1.0
COVID/Covid (652).png,1.0
COVID/Covid (449).png,1.0
COVID/Covid (680).png,1.0
COVID/Covid (398).png,1.0
COVID/Covid (521).png,1.0
COVID/Covid (1228).png,1.0
COVID/Covid (656).png,1.0
COVID/Covid (356).png,1.0
COVID/Covid (1088).png,1.0
COVID/Covid (676).png,1.0
COVID/Covid (747).png,1.0
COVID/Covid (571).png,1.0
COVID/Covid (787).png,1.0
COVID/Covid (811).png,1.0
COVID/Covid (1194).png,1.0
COVID/Covid (298).png,1.0
COVID/Covid (843).png,1.0
COVID/Covid (60).png,1.0
COVID/Covid (634).png,1.0
COVID/Covid (173).png,1.0
COVID/Covid (368).png,1.0
COVID/Covid (1233).png,1.0
COVID/Covid (167).png,1.0
COVID/Covid (20).png,1.0
COVID/Covid (91).png,1.0
COVID/Covid (1058).png,1.0
COVID/Covid (495).png,1.0
COVID/Covid (699).png,1.0
COVID/Covid (1001).png,1.0
COVID/Covid (346).png,1.0
COVID/Covid (518).png,1.0
COVID/Covid (616).png,1.0
COVID/Covid (1200).png,1.0
COVID/Covid (993).png,1.0
COVID/Covid (1124).png,1.0
COVID/Covid (866).png,1.0
COVID/Covid (861).png,1.0
COVID/Covid (1002).png,1.0
COVID/Covid (1050).png,1.0
COVID/Covid (795).png,1.0
COVID/Covid (81).png,1.0
COVID/Covid (252).png,1.0
COVID/Covid (397).png,1.0
COVID/Covid (607).png,1.0
COVID/Covid (1080).png,1.0
COVID/Covid (873).png,1.0
COVID/Covid (689).png,1.0
COVID/Covid (850).png,1.0
COVID/Covid (1084).png,1.0
COVID/Covid (415).png,1.0
COVID/Covid (757).png,1.0
COVID/Covid (63).png,1.0
COVID/Covid (732).png,1.0
COVID/Covid (646).png,1.0
COVID/Covid (619).png,1.0
COVID/Covid (224).png,1.0
COVID/Covid (1116).png,1.0
COVID/Covid (1249).png,1.0
COVID/Covid (942).png,1.0
COVID/Covid (452).png,1.0
COVID/Covid (1165).png,1.0
COVID/Covid (462).png,1.0
COVID/Covid (968).png,1.0
COVID/Covid (1150).png,1.0
COVID/Covid (1175).png,1.0
COVID/Covid (503).png,1.0
COVID/Covid (445).png,1.0
COVID/Covid (782).png,1.0
COVID/Covid (51).png,1.0
COVID/Covid (1015).png,1.0
COVID/Covid (1111).png,1.0
COVID/Covid (293).png,1.0
COVID/Covid (134).png,1.0
COVID/Covid (1047).png,1.0
COVID/Covid (1169).png,1.0
COVID/Covid (326).png,1.0
COVID/Covid (623).png,1.0
COVID/Covid (1220).png,1.0
COVID/Covid (1056).png,1.0
COVID/Covid (227).png,1.0
COVID/Covid (636).png,1.0
COVID/Covid (1101).png,1.0
COVID/Covid (1237).png,1.0
COVID/Covid (947).png,1.0
COVID/Covid (64).png,1.0
COVID/Covid (1138).png,1.0
COVID/Covid (110).png,1.0
COVID/Covid (107).png,1.0
COVID/Covid (547).png,1.0
COVID/Covid (838).png,1.0
COVID/Covid (1090).png,1.0
COVID/Covid (1072).png,1.0
COVID/Covid (876).png,1.0
COVID/Covid (1134).png,1.0
COVID/Covid (887).png,1.0
COVID/Covid (71).png,1.0
COVID/Covid (424).png,1.0
COVID/Covid (165).png,1.0
COVID/Covid (815).png,1.0
COVID/Covid (361).png,1.0
COVID/Covid (622).png,1.0
COVID/Covid (929).png,1.0
COVID/Covid (160).png,1.0
COVID/Covid (185).png,1.0
COVID/Covid (330).png,1.0
COVID/Covid (824).png,1.0
COVID/Covid (806).png,1.0
COVID/Covid (492).png,1.0
COVID/Covid (1108).png,1.0
COVID/Covid (9).png,1.0
COVID/Covid (1191).png,1.0
COVID/Covid (376).png,1.0
COVID/Covid (1172).png,1.0
COVID/Covid (305).png,1.0
COVID/Covid (990).png,1.0
COVID/Covid (483).png,1.0
COVID/Covid (448).png,1.0
COVID/Covid (865).png,1.0
COVID/Covid (523).png,1.0
COVID/Covid (457).png,1.0
COVID/Covid (14).png,1.0
COVID/Covid (1045).png,1.0
COVID/Covid (589).png,1.0
COVID/Covid (909).png,1.0
COVID/Covid (779).png,1.0
COVID/Covid (412).png,1.0
COVID/Covid (959).png,1.0
COVID/Covid (196).png,1.0
COVID/Covid (6).png,1.0
